U001,C101,Premium,450,120,8.5,2026-09-25,Bangalore
U002,C102,Basic,120,45,2.3,2026-09-25,Mysore
U003,C103,Premium,620,180,15.2,2026-09-25,Bangalore
U004,C104,Basic,210,60,4.5,2026-09-26,Chennai
U005,C105,Premium,580,150,10.5,2026-09-26,Hyderabad
U006,C106,Basic,95,30,1.8,2026-09-26,Mangalore
U007,C107,Premium,710,220,18.7,2026-09-27,Bangalore
U008,C108,Basic,165,55,6.2,2026-09-27,Mysore
U009,C109,Premium,490,135,9.9,2026-09-27,Chennai
U010,C110,Basic,250,75,10.0,2026-09-28,Hyderabad
U011,C111,Premium,530,160,12.4,2026-09-28,Bangalore
U012,C112,Basic,140,40,3.7,2026-09-28,Mangalore
U013,C113,Premium,680,200,20.1,2026-09-29,Chennai
U014,C114,Basic,190,65,7.5,2026-09-29,Mysore
U015,C115,Premium,455,110,9.5,2026-09-29,Hyderabad
